date ,Crude Temp In ,Crude Temp Out ,"CDU1 rate  
(KBPD)",Crude Flow rate (kg/hr),Kero Temp In ,Kero Temp Out ,Kero Flow m3/hr ,Furnace inlet temp (deg C),Crude Temp Increase, Kero Temp decrease,Q (heat exchanged) MW,Hot-in - Cold-out,Hot-out -Cold-in,LMTD,U transfer rate,Cummulative Flow Tones per day,Fouling Resistance
10-08-2012,154.7974678,177.4809,92.3039,422179.6756,271.0433385,190.6146,136.8106,207.552,22.68341478,80.42874887,6.969546928,93.56245596,35.81712187,60.1386636,207.9886643,106221.5535,0.004807954
11-08-2012,161.2051909,183.0916,91.9925,420755.3364,273.8657025,196.0065,136.6347,210.7414,21.8864041,77.8591943,6.701975516,90.77410758,34.80131738,58.38290395,206.0184125,96089.24125,0.004853935
12-08-2012,161.7164013,182.7077,91.2404,417315.4098,273.5702231,195.3727,128.8922,210.1902,20.99133321,78.19749749,6.375338297,90.8624886,33.65632431,57.60094579,198.6380818,85991.11318,0.005034281
13-08-2012,161.6644717,182.4263,91.1133,416734.086,274.8407612,196.305,127.0754,209.7074,20.76185733,78.53580506,6.296859703,92.41443221,34.64048448,58.87730312,191.9397834,75975.54334,0.005209967
14-08-2012,160.3448836,181.3518,94.0905,430351.1419,277.0832394,197.6055,130.7324,208.2693,21.00687132,79.47769724,6.57935205,95.73148449,37.26065857,61.965087,190.5570206,65973.92528,0.005247773
15-08-2012,151.392817,168.3472,100.3973,459197.0065,259.5792745,183.3085,119.916,196.7309,16.95436033,76.27081969,5.666034931,91.23209711,31.91563775,56.47515609,180.0572861,55645.49788,0.005553788
16-08-2012,149.2494307,163.5971,100.6334,460277.0352,250.7611314,177.0698,106.4667,193.3567,14.34770237,73.69133131,4.806184701,87.16399839,27.82036945,51.96360604,165.9931121,44624.76972,0.006024346
17-08-2012,149.1688944,164.3114,100.6425,460318.6159,252.6526658,179.6734,112.2781,193.4766,15.14254222,72.97924077,5.072897912,88.3412292,30.50453065,54.39196296,167.3825895,33578.12088,0.005974337
18-08-2012,149.1702817,166.3862,101.6011,464703.168,259.279337,186.0933,125.6904,194.8405,17.21590241,73.18605564,5.822429196,92.89315281,36.92299959,60.66467146,172.2492177,22530.4741,0.005805542
19-08-2012,154.1656326,175.2095,103.6483,474066.5859,277.1411421,202.0602,148.2541,202.7325,21.04390534,75.08098489,7.26046566,101.9316042,47.8945247,71.54378218,182.1299936,11377.59806,0.005490584
20-08-2012,153.8472401,174.6642,103.4399,473113.2009,277.908546,202.5614,146.4623,202.0581,20.81694226,75.34715203,7.167716081,103.2443636,48.71415385,72.5976608,177.1932032,22732.31488,0.005643557
21-08-2012,154.2627446,174.9885,103.3923,472895.5329,279.3575682,202.99,144.3823,201.7655,20.72579758,76.36754162,7.133049772,104.369026,48.72728192,73.05000913,175.2442883,34081.80767,0.00570632
22-08-2012,153.532477,173.2009,101.834,465768.3751,275.2798471,201.825,146.6351,199.6479,19.66838813,73.45484023,6.667109038,102.0789819,48.29252985,71.86187158,166.505248,45260.24868,0.006005817
23-08-2012,153.5248696,172.4197,101.2565,463127.1144,271.3847836,202.4635,147.5608,201.8188,18.89485507,68.92126134,6.368579341,98.96505885,48.93865259,71.04012281,160.8895187,56375.29942,0.006215445
24-08-2012,153.0678818,172.6364,101.4387,463960.2127,273.331824,207.118,159.5557,202.5554,19.56847588,66.21379536,6.607490245,100.6954663,54.05014681,74.96975313,158.1755459,67510.34453,0.00632209
25-08-2012,153.5577206,172.0902,101.9421,466262.7936,270.7685466,205.9569,201.9308,201.8831,18.35313315,64.81166973,6.288716549,98.67839179,52.39915632,73.1137859,154.3659961,78700.65157,0.006478111
26-08-2012,154.262626,172.6158,102.2845,467828.7009,269.5526014,202.6715,149.6869,202.88,18.8926,66.88108101,6.248789108,96.93684227,48.4088944,69.88712392,160.4676867,89928.54039,0.006231784
27-08-2012,153.0925397,172.1184,103.026,471220.3603,273.0702434,203.8835,146.0981,200.7871,19.02586658,69.186789,6.524801207,100.951837,50.79091463,73.02230343,160.3616988,101237.829,0.006235903
28-08-2012,152.3178776,171.0798,102.9435,470842.9657,272.555486,203.1013,143.1304,199.1134,18.76187655,69.45416559,6.429114361,101.4757318,50.78344281,73.22837144,157.5653315,112538.0602,0.006346574
29-08-2012,147.8866033,163.5982,100.8301,461176.8729,257.897513,188.6456,122.5103,192.8218,15.71159834,69.25187378,5.273350991,94.29931136,40.75903592,63.82988746,148.2693871,123606.3052,0.006744481
30-08-2012,146.7006359,161.1908,100.7598,460855.1736,251.9004389,184.3658,116.2841,190.4267,14.49015645,67.53461616,4.860000708,90.70964656,37.66518685,60.35135065,144.5234202,134666.8293,0.006919294
31-08-2012,145.3444279,160.4866,101.2194,462957.3157,253.4683261,185.4571,119.5157,190.4269,15.14218406,68.01120138,5.101856778,92.98171415,40.11269683,62.88615717,145.6002424,145777.8049,0.00686812
01-09-2012,142.756503,157.3398,101.1542,462658.931,247.8336113,182.2078,120.7045,187.2109,14.58329334,65.62584323,4.910382826,90.49381499,39.4512651,61.48109331,143.3384363,156881.6193,0.006976496
02-09-2012,143.1272376,158.0125,101.3986,463776.7857,249.202059,184.6022,125.9044,187.0013,14.88527895,64.59987479,5.024175189,91.18954245,41.47494661,63.10154625,142.893892,168012.2621,0.0069982
03-09-2012,146.1355351,164.3628,102.3409,468086.8123,263.1208153,198.039,149.1473,192.9447,18.22729382,65.08178696,6.209367878,98.75798637,51.90349323,72.83615687,152.9992353,179246.3456,0.00653598
04-09-2012,146.4518438,166.2113,102.6699,469591.3904,269.8643122,204.2408,158.6042,194.8481,19.75949226,65.62354563,6.752968084,103.6529762,57.78892279,78.50053946,154.3870782,190516.539,0.006477226
05-09-2012,145.9651931,165.8032,102.824,470296.5039,270.2642032,204.841,158.6839,194.8979,19.83805426,65.42322502,6.789997503,104.4609558,58.87578508,79.50206424,153.2780977,201803.6551,0.006524089
06-09-2012,147.4484768,166.2762,100.8246,461151.4243,269.3812633,207.0291,165.5612,191.8908,18.82775948,62.35212118,6.318892785,103.105027,59.58066533,79.36362106,142.8921609,212871.2893,0.006998285
07-09-2012,149.5701373,167.4677,100.1753,458182.0132,269.1685015,206.1788,153.1058,199.226,17.89755709,62.98970645,5.968024306,101.7008071,56.6086577,76.96570092,139.1625079,223867.6576,0.007185843
08-09-2012,150.0953542,166.8593,100.5667,459972.1681,265.9044564,204.6096,149.0636,198.946,16.76391609,61.29485321,5.611847016,99.04518614,54.51424901,74.57693685,135.0486273,234906.9896,0.00740474
09-09-2012,153.1744355,170.7177,101.1002,462412.0882,271.3693751,209.9098,154.6698,203.7173,17.54326025,61.45956573,5.903890246,100.6516793,56.73537381,76.60694442,138.3117344,246004.8797,0.007230045
10-09-2012,153.5576774,171.5581,100.4478,459428.2535,271.437538,210.0507,155.2098,204.4155,18.00043021,61.3868399,6.018653968,99.87943046,56.49302077,76.13699057,141.8706507,257031.1578,0.007048674
11-09-2012,152.7483103,167.7983,96.991,443617.4494,258.1091648,195.3334,126.5939,196.4123,15.049992,62.77573195,4.858963987,90.31086253,42.58512258,63.48594989,137.3583137,267677.9766,0.007280229
12-09-2012,147.723871,160.2847,97.7885,447264.9215,247.7377624,178.5535,99.973,191.1072,12.5608456,69.18428825,4.088674201,87.45304575,30.82960309,54.30845454,135.1151208,278412.3347,0.007401096
13-09-2012,145.3008054,157.881,100.534,459822.5037,246.3691424,178.7731,109.3575,186.4861,12.58016696,67.59606032,4.209935259,88.48817009,33.47227672,56.59190223,133.5088384,289448.0748,0.007490141
14-09-2012,147.3626908,162.4793,100.5173,459746.1383,255.6798905,190.0319,129.0549,191.0085,15.11659159,65.64796523,5.057906077,93.20060814,42.66923451,64.67799835,140.3469832,300481.9821,0.007125198
15-09-2012,147.4558611,161.5198,99.9583,457189.2154,251.4287908,186.6317,119.633,190.3689,14.06396879,64.79705111,4.679534589,89.90896095,39.17587863,61.0700127,137.5192654,311454.5233,0.007271708
16-09-2012,150.3272089,169.4582,100.3295,458887.2687,271.5696792,206.7891,157.4373,200.3171,19.13098837,64.78055012,6.389137096,102.1114819,56.46192013,77.04583701,148.8270666,322467.8177,0.006719208
17-09-2012,150.1593354,169.1272,101.6179,464779.9413,271.4487499,205.8729,156.7175,199.922,18.9679102,65.5758037,6.41601916,102.3215043,55.71361083,76.67091218,150.1840854,333622.5363,0.006658495
18-09-2012,149.7942269,166.9797,101.258,463133.7785,266.3598898,199.226,139.7927,198.7807,17.1855198,67.13386428,5.792525046,99.38014317,49.43179869,71.52250715,145.3496809,344737.747,0.00687996
19-09-2012,149.8208268,167.588,101.2223,462970.7453,267.1416687,200.8409,143.2615,199.121,17.76718438,66.30078509,5.986471911,99.55365747,51.02005676,72.60314435,147.9804731,355849.0449,0.006757648
20-09-2012,148.7558103,163.984,101.9637,466361.6855,260.4388106,193.5065,128.5891,194.3238,15.228142,66.93229382,5.168548213,96.45485833,44.75070652,67.32593038,137.7764849,367041.7253,0.007258133
21-09-2012,146.7163202,162.8218,101.7865,465551.3031,262.0318057,194.8796,134.2694,192.9469,16.10543404,67.15221916,5.456809226,99.21005141,48.16326629,70.63903664,138.6381949,378214.9566,0.007213019
22-09-2012,145.5837666,162.7867,102.4336,468510.9369,264.899024,198.3479,142.5655,193.0365,17.20288942,66.55111149,5.865701005,102.112368,52.76414591,74.74263364,140.8446702,389459.2191,0.00710002
23-09-2012,146.0784533,163.937,102.0094,466570.3882,267.0965637,201.6651,148.3213,193.2072,17.85853943,65.43149774,6.064037795,103.159571,55.58661273,76.9372377,141.4536643,400656.9084,0.007069453
24-09-2012,147.360679,166.1058,99.841,456652.7688,271.9428273,207.3978,153.0117,196.3054,18.74514524,64.54497755,6.229794135,105.8370031,60.0371708,80.78479128,138.399009,411616.5749,0.007225485
25-09-2012,151.2530458,168.4105,99.5737,455430.3756,271.6181981,206.0146,141.3146,198.1994,17.15747173,65.60355677,5.68688015,103.2076805,54.7615955,76.44302758,133.5134717,422546.9039,0.007489881
26-09-2012,150.1218168,166.5799,102.4026,468368.9242,268.3938944,201.8197,136.6756,195.3416,16.45812604,66.57422919,5.610056649,101.8139515,51.69784838,73.94689728,136.1558114,433787.7581,0.007344527
27-09-2012,150.181275,166.5543,102.7399,469911.719,266.7585675,202.0998,136.8398,195.228,16.37300173,64.65872184,5.599424255,100.2042907,51.91857062,73.43450796,136.8459904,445065.6393,0.007307485
28-09-2012,147.3011723,161.87,100.4889,459616.0982,259.3318995,196.0841,131.4433,189.9713,14.56879054,63.24782952,4.873236872,97.46193669,48.78289771,70.3370857,124.3432011,456096.4257,0.008042257
29-09-2012,148.4923607,163.3446,99.9057,456948.5959,257.5958462,198.265,139.7837,190.9813,14.85224498,59.33081209,4.939218534,94.25124049,49.77267337,69.66126024,127.2494187,467063.192,0.007858582
30-09-2012,153.1745818,169.5229,100.8082,461076.6701,267.8602539,209.9779,158.1533,196.9282,16.34826856,57.88239528,5.485847139,98.33740358,56.80327686,75.68027755,130.0917866,478129.0321,0.00768688
01-10-2012,156.5489235,175.1898,99.1971,453707.683,276.8849156,217.547,160.763,203.8322,18.64083331,59.33794489,6.155172762,101.6951588,60.99804724,79.62061844,138.7406078,489018.0165,0.007207695
02-10-2012,156.0538946,173.8817,99.3564,454436.5127,274.7304207,214.4779,151.9695,203.0155,17.82777128,60.25247857,5.896157318,100.8487549,58.42404758,77.71596853,136.1594195,499924.4928,0.007344332
03-10-2012,155.7482102,172.8437,99.9728,457255.4434,273.0820988,211.73,145.702,202.176,17.09548704,61.35213699,5.68904217,100.2384016,55.98175161,75.97374373,134.3892461,510898.6234,0.007441072
04-10-2012,150.4766833,165.2563,100.1252,457952.5956,260.5249038,195.8232,122.2991,194.5114,14.77965842,64.70173656,4.92587869,95.2685621,45.34648395,67.24714682,131.461548,521889.4857,0.007606787
05-10-2012,148.2187157,161.0017,99.1525,453503.5793,251.6256507,187.4503,111.3928,190.644,12.78295192,64.1753015,4.219011071,90.62398314,39.23163356,61.38338619,123.3527156,532773.5716,0.008106834
06-10-2012,151.1766383,167.0196,100.8693,461355.8661,265.6260206,203.9636,140.3198,196.1949,15.84294012,61.66246161,5.319497613,98.60644224,52.78692075,73.32611669,130.1969543,543846.1124,0.007680671
07-10-2012,153.4786742,170.4217,101.6429,464894.5056,271.8153784,213.0214,156.6986,198.998,16.94300628,58.79399465,5.732494883,101.393698,59.5427096,78.62041308,130.8570865,555003.5805,0.007641925
08-10-2012,148.5490767,162.9031,99.8359,456629.2175,256.4542694,196.9712,131.3864,192.0221,14.3540564,59.48311286,4.770206011,93.55113628,48.42207982,68.52767325,124.9280731,565962.6817,0.008004606
09-10-2012,144.6390652,157.4799,100.803,461052.6395,246.5231281,187.0264,117.2829,186.6793,12.84081053,59.49676906,4.308655202,89.04325239,42.38729387,62.85547432,123.0233434,577027.9451,0.008128539
10-10-2012,150.3010443,168.1015,97.4614,445769.0874,266.6923235,204.9267,140.6126,199.6258,17.80049082,61.76564637,5.774850111,98.59078839,54.62563284,74.45731949,139.1945436,587726.4032,0.00718419
11-10-2012,152.9130594,170.4706,98.5594,450790.7877,273.8825407,209.3633,136.8987,201.8632,17.55752473,64.51922978,5.760194014,103.4119566,56.45025155,77.57638372,133.2589764,598545.3821,0.007504185
12-10-2012,157.7921746,175.7566,99.6526,455790.9955,280.5233937,218.7188,148.7655,204.6922,17.96438941,61.80455959,5.959049489,104.7668297,60.9266595,80.87601873,132.2349089,609484.366,0.0075623
13-10-2012,160.8974885,179.8209,100.682,460499.5438,286.8895917,228.714,167.204,207.2907,18.92339876,58.17564091,6.342013117,107.0687045,67.81646232,85.95398677,132.4189083,620536.355,0.007551792
14-10-2012,161.0622707,179.9092,100.612,460179.3596,288.1238878,229.8039,170.1826,207.0278,18.84690516,58.32000415,6.311985187,108.214712,68.74161296,86.99064168,130.2213906,631580.6597,0.00767923
15-10-2012,152.3214813,165.6925,101.2162,462942.7488,262.7069288,199.944,124.0589,190.3929,13.37098393,62.76292755,4.504944484,97.01446357,47.62251995,69.41415759,116.4743454,642691.2856,0.008585582
16-10-2012,150.9405755,164.4646,99.7705,456330.1707,260.272378,198.3902,119.0302,190.2733,13.52397976,61.88219642,4.491407772,95.80782276,47.4496061,68.82006605,117.1268041,653643.2097,0.008537755
17-10-2012,150.9454805,165.5819,101.8031,465626.8985,265.7942051,205.2083,133.6975,191.106,14.63645826,60.58588095,4.959899197,100.2122663,54.26284365,74.90318091,118.839682,664818.2553,0.008414698
18-10-2012,154.2328445,170.8446,102.5783,469172.8169,277.0340635,219.1743,158.6546,195.3367,16.61176373,57.85974343,5.6721457,106.1894553,64.94147561,83.88197074,121.357786,676078.4029,0.008240098
19-10-2012,157.4699813,175.4958,102.5038,468831.99,283.9137376,226.6506,167.1138,199.8761,18.0257917,57.26310723,6.150499339,108.4179645,69.180649,87.33520412,126.3891895,687330.3707,0.007912069
20-10-2012,157.6602045,175.8279,102.3702,468220.7484,285.4203576,229.1368,170.3249,200.0076,18.16770759,56.28352625,6.190839952,109.5924455,71.47662686,89.18109946,124.5849685,698567.6686,0.008026651
21-10-2012,156.656459,174.5846,102.2846,467829.4232,282.5183916,227.2132,171.6993,197.8263,17.92812528,55.30523777,6.104093836,107.9338074,70.55669487,87.92513289,124.5939803,709795.5748,0.00802607
22-10-2012,154.4754685,171.5229,102.9507,470875.9782,277.6839537,220.0217,159.2903,195.5892,17.04741358,57.66224223,5.842030547,106.1610716,65.54624298,84.22790258,124.4791831,721096.5983,0.008033472
23-10-2012,152.5437956,169.3966,102.8169,470263.9885,275.9511574,218.2704,159.0682,193.9123,16.85283058,57.68079077,5.767842177,106.5545312,65.72657103,84.50306335,122.4982284,732382.934,0.008163383
24-10-2012,152.0474679,168.9253,102.8887,470592.4525,275.6324067,217.6007,157.4589,193.7944,16.87785579,58.0317125,5.780441629,106.707083,65.5532263,84.4657958,122.8199833,743677.1528,0.008141998
25-10-2012,151.1402085,168.685,100.7143,460647.2873,273.1395184,211.6497,155.3355,192.2948,17.54476832,61.48985988,5.881863563,104.4545416,60.50944999,80.49253053,131.1439492,754732.6877,0.007625209
26-10-2012,149.8175804,167.556,100.8528,461280.3696,271.2872159,206.4184,151.7679,192.8807,17.7384124,64.86881834,5.954955371,103.7312231,56.60081714,77.80122538,137.3665421,765803.4166,0.007279793
27-10-2012,152.5862863,169.5957,100.1741,458176.1997,269.3656909,204.6349,144.4484,195.9362,17.00940405,64.73083381,5.671793543,99.77000048,52.04857072,73.33970799,138.7938202,776799.6454,0.007204932
28-10-2012,161.4048529,177.2855,98.9232,452455.1442,269.2802864,207.4035,136.4997,203.5358,15.88062784,61.87677669,5.229281113,91.99480569,45.99865684,66.36102586,141.4222655,787658.5689,0.007071022
29-10-2012,165.3955533,181.0443,99.0759,453153.4184,271.6644176,211.1947,138.0085,206.1747,15.64870117,60.46967805,5.160863211,90.62016315,45.79918627,65.68038214,141.0183307,798534.2509,0.007091277
30-10-2012,163.6474076,181.2099,102.8737,470523.6723,279.7094617,220.954,162.7781,205.2627,17.56246749,58.75545635,6.01403293,98.49958659,57.30659773,76.05281769,141.9186218,809826.819,0.007046292
31-10-2012,161.3857359,178.7301,101.7373,465326.075,277.1532358,216.6717,155.1956,204.0756,17.34438469,60.48157902,5.873744852,98.42311523,55.28592091,74.79261449,140.9435658,820994.6448,0.007095038
01-11-2012,162.9959823,177.988,97.0524,443898.372,268.5163287,207.509,131.0115,206.0672,14.99197259,61.00731869,4.843297231,90.52837382,44.51302772,64.82117264,134.0951688,831648.2058,0.00745739
02-11-2012,162.075068,173.4693,97.0589,443927.8256,256.4905245,192.3709,98.8065,202.3196,11.39425183,64.11964627,3.681264069,83.02120477,30.29581033,52.30244422,126.3176039,842302.4736,0.007916553
03-11-2012,161.2194658,171.1947,97.9473,447991.4576,250.7044405,186.445,87.2686,200.2497,9.975236287,64.25939978,3.252308358,79.50973842,25.22557493,47.28498547,123.4404077,853054.2686,0.008101075
04-11-2012,160.0983268,170.9756,98.4783,450420.1173,254.0324423,187.9903,93.6668,200.122,10.87728237,66.04216306,3.565635726,83.05683309,27.8919524,50.55493275,126.5791945,863864.3514,0.007900192
05-11-2012,158.9503916,171.1369,90.6268,414508.7327,256.0920693,188.0785,91.9948,201.228,12.18646442,68.01352127,3.676293701,84.95521331,29.12815647,52.15439968,126.5051312,873812.561,0.007904818
06-11-2012,157.9523368,167.4294,87.2925,399258.6085,246.0131051,179.335,75.0973,200.5082,9.477060011,66.67809864,2.753763949,78.58370829,21.38266966,43.94726309,112.4562944,883394.7676,0.008892344
07-11-2012,159.012497,172.013,87.5492,400432.528,260.6290358,192.0241,96.6499,203.4491,13.00053897,68.60490368,3.788693708,88.61599986,33.01163514,56.31093477,120.7495865,893005.1482,0.008281602
08-11-2012,163.2340614,181.2331,82.4505,377111.9503,278.5436038,210.7331,121.0336,210.7768,17.99901256,67.81048225,4.939895543,97.31052986,47.49906017,69.45295409,127.6485645,902055.8351,0.007834009
09-11-2012,153.6137179,170.0074,99.9927,457346.5114,275.7483301,208.4218,131.8024,200.9206,16.39363937,67.32648111,5.45656758,105.7409728,54.80813109,77.505197,126.3506866,913032.1513,0.00791448
10-11-2012,153.2753597,170.1049,99.0164,452881.1616,276.9810923,211.335,138.117,200.1735,16.82951415,65.64612153,5.546954775,106.8762185,58.0596111,80.00085537,124.436815,923901.2992,0.008036207
11-11-2012,162.1601088,180.8637,100.5694,459984.5397,290.4588565,230.4533,169.4611,209.5061,18.70362053,60.00555801,6.261346071,109.5951271,68.29318965,87.32227031,128.6860831,934940.9282,0.007770848
12-11-2012,164.7871809,182.905,95.0119,434565.4394,291.2611657,234.1075,173.7312,209.8098,18.11779753,57.15366417,5.730062735,108.3561874,69.32032072,87.38999957,117.67563,945370.4987,0.008497936
13-11-2012,162.3385475,181.4145,96.0364,439251.5109,290.3914239,233.259,169.3667,209.196,19.07590922,57.1324081,6.09813875,108.9769672,70.92046833,88.59053832,123.5375127,955912.535,0.008094707
14-11-2012,159.5094591,175.8785,100.1631,458126.0696,286.5468608,231.5868,161.0796,203.5045,16.36899761,54.96001142,5.457652526,110.668404,72.07739021,89.99812549,108.8331778,966907.5606,0.009188375
15-11-2012,161.7204575,179.4288,99.5553,455346.089,290.3908208,233.6856,169.2239,205.7238,17.70833718,56.70517119,5.868379401,110.9620261,71.96519213,90.06083325,116.9421611,977835.8668,0.008551236
16-11-2012,155.1851969,171.9483,99.9445,457126.2091,278.0058358,208.9426,133.6015,198.3656,16.76309275,69.06327632,5.576851248,106.0575461,53.75736253,76.96849336,130.0364089,988806.8958,0.007690154
17-11-2012,158.512886,176.0455,86.5732,395968.5817,278.2777502,208.8435,120.0954,203.4886,17.53262155,69.43421063,5.052500638,102.2322427,50.33065358,73.24186595,123.80434,998310.1418,0.008077261
18-11-2012,164.3831396,183.9862,75.8141,346758.3685,288.0016168,217.049,114.997,211.8951,19.60301705,70.95260588,4.947076873,104.0154601,52.66587131,75.45064493,117.6723956,1006632.343,0.00849817
19-11-2012,164.5948143,185.2959,72.0209,329409.2301,291.7463304,216.0261,106.0898,213.7071,20.70107025,75.72018826,4.962806631,106.4504459,51.43132785,75.63471268,117.7592645,1014538.164,0.008491901
20-11-2012,160.6923568,182.9206,79.3763,363051.1251,297.1919095,229.1823,132.6814,211.0457,22.22823307,68.0096355,5.87315577,114.2713196,68.48991719,89.43617762,117.8547747,1023251.391,0.008485019
21-11-2012,157.787954,177.4511,103.2343,472173.1569,292.8211571,227.5861,160.9667,200.7519,19.66314568,65.23508284,6.756986966,115.3700575,69.7981203,90.68360544,133.7251811,1034583.547,0.007478023
22-11-2012,149.4201889,165.9269,100.7638,460873.4395,275.3496956,202.3615,122.8004,190.8343,16.50674615,72.98815604,5.536584636,109.4227605,52.94135063,77.79441969,127.7269054,1045644.509,0.007829204
23-11-2012,147.5187358,163.4303,101.0563,462211.5027,272.7726493,198.8939,118.4868,189.0311,15.91152139,73.87870119,5.352433088,109.3423921,51.37521229,76.74434382,125.1681294,1056737.585,0.007989254
24-11-2012,147.8064202,164.0537,101.5479,464459.7082,273.6857271,201.2836,124.3956,189.3688,16.2472553,72.40209813,5.49195336,109.6320516,53.47720873,78.22379139,126.0018353,1067884.618,0.007936392
25-11-2012,146.3143313,161.6226,101.2947,463301.808,268.9690145,197.3714,120.6825,187.3302,15.30827261,71.59762808,5.161654996,107.3464107,51.05705518,75.74759944,122.2950817,1079003.862,0.008176944
26-11-2012,147.1885401,162.6135,101.7191,465242.7751,269.4884573,199.7371,124.9777,187.724,15.4249355,69.75131533,5.222780632,106.8749817,52.54860183,76.52451405,122.4870279,1090169.688,0.00816413
27-11-2012,153.1343006,170.643,100.6847,460511.5176,283.7571736,223.5119,159.3549,195.5852,17.50874393,60.24524502,5.868056384,113.1141291,70.37762796,90.06223645,116.9339023,1101221.965,0.00855184
28-11-2012,153.3971411,171.0313,100.9321,461643.1965,281.3795034,217.8837,149.9026,195.3798,17.63412357,63.49584879,5.92460103,110.3482388,64.48651357,85.37416327,124.5436363,1112301.402,0.008029314
29-11-2012,152.366665,169.9402,101.0302,462091.8889,280.6732033,217.5514,149.5185,194.4825,17.57356073,63.12177197,5.909992128,110.7329776,65.18476634,85.95690456,123.3942797,1123391.607,0.008104103
30-11-2012,154.6266817,172.6729,101.8824,465989.7056,284.1691635,223.0614,156.5537,196.5331,18.04618704,61.10774896,6.120128875,111.4962948,68.43473285,88.22086179,124.5025263,1134575.36,0.008031966
01-12-2012,156.6294666,175.708,101.0121,462008.9352,291.2420268,229.9535,165.1949,199.3853,19.07850509,61.28849184,6.414953426,115.5340551,73.3240684,92.83522145,124.0136878,1145663.574,0.008063626
02-12-2012,161.6640468,183.0748,98.8787,452251.5896,303.37374,240.9004,177.9844,208.7999,21.41075461,62.4733676,7.047107015,120.2989386,79.23632563,98.34297609,128.604573,1156517.612,0.007775773
03-12-2012,160.453263,180.5002,98.9218,452448.3944,298.0336925,236.6892,171.1508,206.2487,20.04698436,61.34452847,6.601108841,117.5334451,76.235901,95.39952931,124.1822584,1167376.374,0.00805268
04-12-2012,160.0668956,179.516,98.9471,452564.4449,295.295496,236.4014,171.8523,204.7353,19.44912525,58.89407618,6.405887319,115.7794752,76.33452429,94.69167122,121.4105442,1178237.921,0.008236517
05-12-2012,162.4881355,180.809,88.6385,405414.8646,293.2067236,236.2534,152.2614,208.0471,18.32086874,56.95334604,5.405607668,112.3977193,73.76524203,91.72961372,105.7605863,1187967.877,0.009455318
06-12-2012,159.7067522,179.8745,87.6285,400795.0665,291.1469559,225.3223,143.0355,206.8361,20.16770903,65.82461737,5.882713861,111.2724947,65.61558637,86.4437757,122.1329618,1197586.959,0.008187798
07-12-2012,157.7318158,176.1202,91.1739,417011.3739,288.9531225,220.3104,133.2053,202.2675,18.38839126,68.64275461,5.580722486,112.8329154,62.57855209,85.25122913,117.4839852,1207595.232,0.008511798
08-12-2012,158.8357128,175.7237,91.3739,417925.7817,287.0354945,222.033,130.4953,202.1537,16.88795689,65.00247215,5.136591937,111.3118248,63.19730955,84.99690004,108.4578201,1217625.451,0.009220174
09-12-2012,161.7580731,178.8725,80.7988,369557.4506,292.3082089,232.7264,127.2073,205.7761,17.11446842,59.58179136,4.603033837,113.4356674,70.96834441,90.54828757,91.23318115,1226494.83,0.010960924
10-12-2012,157.4546973,176.075,101.0979,462401.4372,289.7233499,230.4238,161.1111,189.9769,18.62028317,59.29956672,6.266199925,113.6483694,72.96908582,91.81162696,122.4885394,1237592.464,0.008164029
11-12-2012,154.4987823,173.8601,99.6636,455841.5065,284.9194136,223.8728,156.1282,189.8551,19.36127424,61.04656775,6.423128259,111.059357,69.37406352,88.58812021,130.1247776,1248532.66,0.007684931
12-12-2012,153.1802565,170.8131,89.8738,411064.74,274.9800582,205.0935,118.5341,188.1219,17.63286578,69.88651851,5.275114831,104.166936,51.91328327,75.03180201,126.1756159,1258398.214,0.007925462
13-12-2012,148.0018911,164.8212,98.2392,449326.3785,274.6052399,205.9597,130.17,189.1633,16.81928787,68.64556238,5.500071175,109.7840609,57.95778639,81.13061945,121.6668908,1269182.047,0.008219163
14-12-2012,150.5661278,166.6606,91.339,417766.1399,268.0377982,199.7933,110.8557,188.7425,16.09447645,68.24453631,4.893379312,101.3771939,49.22713405,72.18968785,121.6529403,1279208.434,0.008220105
15-12-2012,154.1579254,171.5459,83.6687,382683.8699,275.9747358,208.3724,112.7787,195.4277,17.3879657,67.60237119,4.842701747,104.4288447,54.21443919,76.59788426,113.4644574,1288392.847,0.008813333
16-12-2012,154.8125682,173.9882,85.9176,392970.0556,285.5135157,220.1769,123.7358,194.9522,19.17562866,65.33666007,5.484131498,111.5253189,65.36428744,86.39928887,113.9164871,1297824.129,0.008778361
17-12-2012,155.2830981,173.7687,85.2272,389812.1127,284.3899561,218.9646,113.9811,195.1273,18.48563157,65.42537343,5.244310697,110.6212265,63.6814846,85.00217345,110.7254044,1307179.619,0.009031351
18-12-2012,154.7301188,173.9267,85.3982,390594.4413,288.6593788,225.1238,122.2486,195.381,19.19662412,63.53561208,5.456946679,114.7326359,70.39364798,90.76530841,107.8993218,1316553.886,0.009267899
19-12-2012,153.0859793,172.5959,86.6065,396121.0264,289.730746,223.8769,120.7927,194.1133,19.50990008,65.85380961,5.624471641,117.1348667,70.79095713,92.02620421,109.6879992,1326060.791,0.009116768
20-12-2012,152.0823908,171.6467,86.4939,395605.9118,290.3947671,224.0457,119.3733,193.2143,19.56433345,66.3490428,5.632829681,118.7480429,71.96333351,93.41113743,108.222323,1335555.332,0.009240238
21-12-2012,151.1479463,170.8152,86.2197,394351.572,290.525627,225.0679,121.2943,192.7805,19.66720641,65.45768718,5.64449435,119.7104743,73.91999353,94.98271554,106.6520857,1345019.77,0.009376282
22-12-2012,149.8155303,169.9204,82.4676,377190.3239,290.4894537,225.8993,123.864,194.8548,20.10482931,64.59014998,5.518991486,120.5690941,76.08377339,96.62572374,102.5075506,1354072.338,0.009755379
23-12-2012,147.3080072,167.6062,86.44,395359.2106,290.2665973,224.2361,122.0197,191.571,20.29818758,66.03045909,5.840471554,122.6604026,76.92813107,98.02265904,106.9326491,1363560.959,0.009351681
24-12-2012,148.7886684,167.7829,86.4441,395378.171,287.5871609,221.3512,114.7352,191.3637,18.99424162,66.23596349,5.465544527,119.804251,72.56252908,94.21765412,104.1094237,1373050.035,0.009605278
25-12-2012,150.3399798,168.9101,87.5921,400628.9257,289.7385541,225.7114,121.0413,192.3345,18.57011386,64.02715881,5.414466357,120.8284605,75.37141551,96.31877543,100.8866263,1382665.129,0.009912117
26-12-2012,148.6573589,166.6119,102.7201,469821.2305,290.2270273,237.7225,167.9009,188.0613,17.95452014,52.50449496,6.1391074,123.6151483,89.06517345,105.3980431,104.5349644,1393940.839,0.009566177
27-12-2012,147.8169591,165.3204,102.7999,470185.9975,287.7286162,236.2713,169.0765,187.1293,17.50347151,51.45735538,5.989529026,122.4081856,88.45430172,104.5136254,102.8510319,1405225.303,0.0097228
28-12-2012,149.2644863,166.9163,101.9233,466176.5803,288.5755296,238.3488,172.7897,189.3222,17.65178855,50.22677862,5.988774476,121.6592547,89.08426467,104.5271495,102.8247693,1416413.541,0.009725283
29-12-2012,150.2761243,169.3887,100.1238,457946.2988,297.8599697,242.2642,166.8212,188.3233,19.11253367,55.59581522,6.369885228,128.4713117,91.98803013,109.21596,104.6729327,1427404.252,0.009553568
30-12-2012,150.6375634,170.1837,100.7615,460862.7478,300.1534813,237.9598,155.0901,186.577,19.54616603,62.193675,6.555894846,129.9697519,87.32224292,107.236312,109.7182827,1438464.958,0.009114251
31-12-2012,152.437754,171.2037,101.5724,464571.6384,298.8541313,235.7527,148.2827,187.2972,18.76590479,63.1014633,6.344844638,127.6504725,83.31491395,103.9110741,109.5842275,1449614.677,0.009125401
